id,created_at,updated_at,link_foto,link_video,nombre,tipo,descripcion,contenidos_ofensivos,contenidos_defensivos,consignas,reglas,variantes
54,2026-07-31 16:05:32.285205+00,2026-07-31 16:50:38.609747+00,https://nqdbqqmjyygopjnpqyvm.supabase.co/storage/v1/object/public/dinamicas/p03_Cuadrados.jpg,,Cuadrados,cuadrado,"Dinámica de inicio de juego, donde se busca generar conexiones para poder progresar en ataque. Interpretar cual es el jugador libre y en que momento jugar con el. Buscar circulación entre centrales (atraer al 9 rival), utilizar al volante para rebotar, Hacer triángulo o girar. Mediante esas conexiones provocar que salte un rival desde otra línea e liberar un jugador más avanzado.","[""Mirar lejos."",""Continuidad."",""Estar en línea de pase."",""Encontrar al libre.""]","[""Check para presionar.""]","[""No jugar si es que no hay rival cerca (Atraer al rival)."",""Pase al pie correcto."",""Control con el lejano."",""Desmarcarse.""]",,"[""No hay límites de toques."",""Sacarse al 9 (eliminarlo de la presión) provocar que salte un rival desde otra línea."",""Jugar con el libre considerando cómo llegamos a el.""]"
55,2026-07-31 16:05:32.285205+00,2026-07-31 16:50:14.494362+00,https://nqdbqqmjyygopjnpqyvm.supabase.co/storage/v1/object/public/dinamicas/p05_Dinamica_4_vs_4_C_2A.jpg,,Dinámica 4 vs 4 + C + 2A,cerrada,"En una superficie participan 2 equipos más un comodín y 2 porteros (estos últimos además de atajar también serán comodines para el equipo con posesión). El equipo con balón debe juntar 8 pases de manera seguida para luego anotar un gol en cualquiera de los arcos pequeños. El equipo defensor una vez recupere el balón puede anotar en un de los 2 arcos grandes de manera inmediata, sin la necesidad de acumular pases.","[""Mirar lejos."",""Continuidad."",""Encontrar al jugador libre."",""Estar en línea de pase.""]","[""Check para presionar."",""Presión posperdida."",""1 vs 2 (marcar a dos).""]","[""Saltar pase si es posible."",""Defensivamente marcar en rombo."",""Hacer goles.""]",,"[""No hay límites de toques."",""Ante la perdida, comodín tiene un pase para intentar recuperar.""]"
56,2026-07-31 16:05:32.285205+00,2026-07-31 16:50:43.912813+00,https://nqdbqqmjyygopjnpqyvm.supabase.co/storage/v1/object/public/dinamicas/p06_Dinamica_4_vs_4_3_octagono_.jpg,,Dinámica 4 vs 4 + 3 (octágono),cerrada,"En una superficie de octágono se estructura un Rondo 4 vs 4 + 3 comodines, subdividido en un 4 vs 2. El equipo que tenga la posesión debe juntar la mayor cantidad de pases, trasladando el balón de una zona a otra. El equipo defensor debe presionar, recuperar el balón y anotar un gol en los arcos.","[""Mirar lejos."",""Continuidad."",""Tercer hombre."",""Estar en línea de pase."",""Pase al pie correcto.""]","[""Check para presionar."",""Presión pospérdida."",""1 vs 2 (marcar a 2).""]","[""Saltar pase si es posible."",""Jugar al lado contrario."",""No jugar si es que no hay rival cerca.""]",,"[""No hay límites de toques."",""Evitar pase en la misma línea."",""Después de dar 8 pases buscar anotar goles."",""Cambio de roles al perder la posesión.""]"
57,2026-07-31 16:05:32.285205+00,2026-07-31 16:50:13.942326+00,https://nqdbqqmjyygopjnpqyvm.supabase.co/storage/v1/object/public/dinamicas/p07_Dinamica_4_vs_4_4C.jpg,,Dinámica 4 vs 4 + 4C,cerrada,"En una superficie rectangular participan 3 equipos. Un equipo participa de comodín con 2 jugadores por el centro y 2 en las caras cortas. Por dentro los otros 2 equipos disputan la posesión, el equipo con balón ubica 2 jugadores en las caras amplias, mientras el otro intenta recuperar en rombo.","[""Mirar lejos."",""Continuidad."",""Tercer hombre."",""Estar en línea de pase.""]","[""Check para presionar."",""Presión posperdida.""]","[""Saltar pase si es posible."",""Rebotar sin tener marca en la espalda."",""Defensivamente marcar en rombo."",""Estar perfilado para recibir.""]",,"[""No hay límites de toques."",""El equipo en posesión no puede pasar entre jugadores en la misma cara."",""Después de 3 balones interceptados realizar cambio de rol.""]"
58,2026-07-31 16:05:32.285205+00,2026-07-31 16:50:27.368449+00,https://nqdbqqmjyygopjnpqyvm.supabase.co/storage/v1/object/public/dinamicas/p08_Dinamica_7_vs_4_Estatico_.jpg,,Dinámica 7 vs 4 (Estático),cerrada,"Una superficie de rectángulo se posicionan 2 equipos, uno en superioridad numérica y ubicados de manera posicional para dar una correcta circulación de balón. El equipo defensor debe presionar siempre en rombo con la intención de recuperar el balón.","[""Mirar lejos."",""Continuidad."",""Atraer al rival."",""Estar en línea de pase."",""Pase al pie correcto."",""Check antes de recibir.""]","[""Check para presionar."",""1 vs 2 (marcar 2)."",""Presión posperdida.""]","[""Saltar pase si es posible."",""No montarse."",""Jugar al lado contrario."",""Estar perfilado para recibir.""]",,"[""No hay límites de toques."",""Equipo que recupera debe generar 5 pases para contabilizar un gol.""]"
59,2026-07-31 16:05:32.285205+00,2026-07-31 16:50:44.982224+00,https://nqdbqqmjyygopjnpqyvm.supabase.co/storage/v1/object/public/dinamicas/p09_Dinamica_8_vs_5_centrales_.jpg,,Dinámica 8 vs 5 (centrales),cerrada,"Dinámica diseñada para los defensas centrales quienes se ubican en los extremos de la estructura. Se posicionan 2 equipos, uno en superioridad numérica y posicional para dar correcta circulación de balón. El equipo defensor debe presionar con la intención de recuperar el balón.","[""Mirar lejos."",""Continuidad."",""Estar en línea de pase."",""Pase al pie correcto."",""Check antes de recibir.""]","[""Presión posperdida."",""Cerrar líneas de pase (equipo en inferioridad).""]","[""Saltar pase si es posible."",""No montarse."",""Jugar al lado contrario."",""Estar perfilado."",""Pase al pie correcto.""]",,"[""No hay límites de toques.""]"
60,2026-07-31 16:05:32.285205+00,2026-07-31 16:50:16.795773+00,https://nqdbqqmjyygopjnpqyvm.supabase.co/storage/v1/object/public/dinamicas/p10_Dinamica_10_vs_5_Posicional.jpg,,Dinámica 10 vs 5 Posicional,cerrada,"Se posicionan 2 equipos, uno en amplia superioridad numérica y de manera posicional para dar una correcta circulación de balón, juntar gran cantidad de pases ante la presión rival. El equipo defensor debe presionar con la intención de recuperar el balón.","[""Mirar lejos."",""Continuidad de juego."",""Saltar pase."",""Pase al pie correcto."",""Check antes de recibir.""]","[""Rombo defensivo."",""Estar a distancia."",""Presión posperdida.""]","[""Saltar pase si es posible."",""Abrir líneas de pase."",""Atraer al rival."",""Estar perfilado.""]",,"[""No hay límites de toques."",""Las siluetas buscan cerrar líneas de pase.""]"
61,2026-07-31 16:05:32.285205+00,2026-07-31 16:50:16.233785+00,https://nqdbqqmjyygopjnpqyvm.supabase.co/storage/v1/object/public/dinamicas/p11_Dinamica_11_vs_7_centrales_.jpg,,Dinámica 11 vs 7 (centrales),cerrada,Dinámica diseñada para los defensas centrales quienes se ubican en los extremos. Se posicionan 2 equipos en superioridad numérica posicional (2 líneas de 4 y 3 volantes) para dar correcta circulación de balón y que los centrales encuentren distintos tipos de pases ante la presión rival.,"[""Mirar lejos."",""Continuidad de juego."",""Estar en línea de pase."",""Pase al pie correcto."",""Atraer al rival."",""Entrar a conducción.""]","[""Estar distancia (marcar a 2)."",""Presión posperdida."",""Check para presionar.""]","[""Saltar pase si es posible."",""No jugar con el lateral si el rival esta cerca."",""Jugar al lado contrario."",""Estar perfilado para recibir.""]",,"[""No hay límites de toques.""]"
62,2026-07-31 16:05:32.285205+00,2026-07-31 16:50:38.003101+00,https://nqdbqqmjyygopjnpqyvm.supabase.co/storage/v1/object/public/dinamicas/p13_Dinamica_2_vs_2_Duelos-_Transiciones_.jpg,,Dinámica 2 vs 2 (Duelos- Transiciones),abierta,Se enfrentan 2 equipos. El equipo que inicia con balón lo realiza en un 2vs1. Una vez que culmine la acción mediante un tiro al arco se reinicia el juego con el otro equipo en un 2vs2 intentando progresar en ataque culminando la jugada mediante un remate.,"[""Atacar profundidad."",""Aparecer / no estar."",""Desmarcarse.""]","[""Defender profundidad."",""Mantener distancia."",""Perfilarse.""]","[""Utilizar al AC para generar superioridad numérica y posicional."",""Saltar a presionar desde la zona que corresponde."",""No pasar de largo.""]",,"[""Siempre se inicia desde el arquero."",""No hay limites de toques."",""No existe fuera de juego."",""Si hay gol, inicia el equipo contrario.""]"
63,2026-07-31 16:05:32.285205+00,2026-07-31 16:50:33.971315+00,https://nqdbqqmjyygopjnpqyvm.supabase.co/storage/v1/object/public/dinamicas/p14_Dinamica_Jaula_3_vs_3.jpg,,Dinámica Jaula 3 vs 3,abierta,Se enfrentan 2 equipos. El equipo en posesión puede utilizar a jugadores en el exterior que actúan como comodines. Una vez que culmine la acción mediante un tiro al arco se reinicia el juego con el otro equipo.,"[""Atacar profundidad."",""Aparecer / no estar."",""Separarse."",""Desmarcarse.""]","[""Defender profundidad."",""Mantener distancia."",""Perfilarse.""]","[""Utilizar los comodines para generar superioridad numérica y posicional."",""Saltar a presionar desde la zona que corresponde."",""No pasar de largo.""]",,"[""Siempre se inicia desde el arquero."",""No hay limites de toques."",""No existe fuera de juego.""]"
64,2026-07-31 16:06:20.868462+00,2026-07-31 16:50:37.018267+00,https://nqdbqqmjyygopjnpqyvm.supabase.co/storage/v1/object/public/dinamicas/p15_Dinamica_3_vs_3_C_2A.jpg,,Dinámica 3 vs 3 + C + 2A,abierta,"Se enfrentan 2 equipos de 6 jugadores (3 por zona) + Arquero y más un comodín. El equipo en posesión intentará convertir el gol mediante constantes remates, aprovechando la superioridad generada con el comodín.","[""Remate al arco."",""Separarse."",""Aparecer / no estar.""]","[""Check para presionar."",""Mantener distancia."",""Defender el rebote.""]","[""Ofensivamente rematar al tener espacios."",""Utilizar al Comodín para generar superioridad numérica y posicional."",""Saltar a presionar desde el pasillo que corresponde."",""No pasar de largo."",""No marcar al hombre / Marca zonal."",""Bloquear el tiro."",""Compensar.""]",,"[""Siempre se inicia desde el comodín."",""No hay limites de toques."",""No existe fuera de juego.""]"
65,2026-07-31 16:06:20.868462+00,2026-07-31 16:50:17.382674+00,https://nqdbqqmjyygopjnpqyvm.supabase.co/storage/v1/object/public/dinamicas/p16_Dinamica_4_vs_4_2AC.jpg,,Dinámica 4 vs 4 + 2AC,abierta,Se enfrentan 2 equipos de 4 jugadores + Arquero comodín. El equipo en posesión intentará llegar a espacios con balón dominado o con situaciones de desmarques en los portales. Se trabajarán comportamientos defensivos y ofensivos.,"[""Atacar profundidad."",""Mantener 3 líneas."",""Separarse."",""Aparecer / no estar.""]","[""Check para presionar."",""Mantener distancia."",""Defender profundidad."",""Pasos para adelante.""]","[""Ofensivamente estar en estructura 2-1-1 (profundo)."",""Utilizar al AC para generar superioridad numérica y posicional."",""Defensivamente marcar en rombo."",""Saltar a presionar desde el pasillo que corresponde."",""No pasar de largo."",""No marcar al hombre / Marca zonal.""]",,"[""Siempre se inicia desde el arquero."",""No hay limites de toques."",""No existe fuera de juego.""]"
66,2026-07-31 16:06:20.868462+00,2026-07-31 16:50:41.860949+00,https://nqdbqqmjyygopjnpqyvm.supabase.co/storage/v1/object/public/dinamicas/p17_Dinamica_4_vs_4_2A.jpg,,Dinámica 4 vs 4 + 2A,abierta,Se enfrentan 2 equipos de 4 jugadores + Arquero comodín. El equipo en posesión intentará llegar a espacios con balón dominado o con situaciones de desmarques buscando finalizar la jugada en los arcos. Se trabajarán comportamientos defensivos y ofensivos.,"[""Atacar profundidad."",""Mantener 3 líneas."",""Separarse."",""Aparecer / no estar."",""Remate al arco.""]","[""Check para presionar."",""Mantener distancia."",""Defender profundidad."",""Pasos para adelante."",""Defender rebote y a su arquero.""]","[""Ofensivamente estar en estructura 2-1-1 (profundo)."",""Utilizar al AC para generar superioridad numérica y posicional."",""Defensivamente marcar en rombo."",""Saltar a presionar desde el pasillo que corresponde."",""No pasar de largo."",""No marcar al hombre / Marca zonal.""]",,"[""Siempre se inicia desde el arquero."",""No hay limites de toques."",""No existe fuera de juego.""]"
67,2026-07-31 16:06:20.868462+00,2026-07-31 16:50:27.935142+00,https://nqdbqqmjyygopjnpqyvm.supabase.co/storage/v1/object/public/dinamicas/p18_Dinamica_4_vs_4_2A_profundo.jpg,,Dinámica 4 vs 4 + 2A profundo,abierta,Se enfrentan 2 equipos de 4 jugadores + Arquero comodín y un portero en la zona posterior para enfrentar la finalización. El equipo en posesión intentará llegar a espacios y una vez ingresando al área debe buscar finalizar la jugada.,"[""Atacar profundidad."",""Mantener 3 líneas."",""Separarse."",""Aparecer / no estar."",""Remate a portería.""]","[""Check para presionar."",""Mantener distancia."",""Defender profundidad."",""Pasos para adelante.""]","[""Ofensivamente estar en estructura 2-1-1 (profundo)."",""Utilizar al AC para generar superioridad numérica y posicional."",""Defensivamente marcar en rombo."",""Saltar a presionar desde el pasillo que corresponde."",""No pasar de largo."",""No marcar al hombre / Marca zonal.""]",,"[""Se inicia desde el arquero situado en área pequeña."",""No hay limites de toques."",""No existe fuera de juego.""]"
68,2026-07-31 16:06:20.868462+00,2026-07-31 16:50:42.521858+00,https://nqdbqqmjyygopjnpqyvm.supabase.co/storage/v1/object/public/dinamicas/p19_Dinamica_4_vs_4_4C_2A.jpg,,Dinámica 4 vs 4 + 4C + 2A,abierta,2 equipos de 4 jugadores + A se enfrentan en el doble de área. Un tercer equipo de 4 jugadores actúa como comodines por fuera. El equipo con balón intentará hacer gol y podrá apoyarse con los comodines profundos para atacar el centro.,"[""Mantener las 3 líneas."",""Aparecer / no estar."",""Mirar lejos.""]","[""Responsabilidad en zonas."",""Compensar."",""Check para presionar.""]","[""Ofensivamente estar en estructura 2-1-1 (profundo)."",""Utilizar al AC para generar superioridad numérica y posicional."",""Defensivamente marcar en rombo."",""Llegar a defender desde los carriles y un jugador por delante de la línea (3+1)."",""Identificar marcas en el área.""]",,"[""Los arqueros inician la tarea."",""El gol es válido desde cualquier zona."",""Incentivar el encontrar a los comodines por fuera para provocar situaciones de centro.""]"
69,2026-07-31 16:06:20.868462+00,2026-07-31 16:50:36.246629+00,https://nqdbqqmjyygopjnpqyvm.supabase.co/storage/v1/object/public/dinamicas/p20_Dinamica_6_vs_4_2P_2A.jpg,,Dinámica 6 vs 4 + 2P + 2A,abierta,"El equipo en posesión tendrá una superioridad numérica de 2 jugadores. Posicionarán 2 en zona fuera del área, 2 en amplitud y 2 in profundidad. Intentarán someter al equipo defensor y realizar la mayor cantidad de goles.","[""Encontrar al jugador libre."",""Separarse."",""Continuidad."",""Desmarque corto.""]","[""Compensar."",""Responsabilidad en zonas."",""1 vs 2.""]","[""Ofensivamente saltar pase."",""Esconder el pase."",""Defensivamente No pasar de largo."",""Estar juntos y compactos.""]",,"[""El juego se inicia con el arquero del equipo que ataca."",""No hay fuera de juego.""]"
70,2026-07-31 16:06:20.868462+00,2026-07-31 16:50:26.273253+00,https://nqdbqqmjyygopjnpqyvm.supabase.co/storage/v1/object/public/dinamicas/p21_Dinamica_6_vs_6_2C_2AC.jpg,,Dinámica 6 vs 6 + 2C + 2AC,abierta,Se enfrentan 2 equipos de 6 jugadores + AC + 2 comodines. El equipo en posesión intentará llegar a espacios con balón dominado o con situaciones de desmarques en los portales. Los comodines se ubican en el centro para generar superioridad numérica.,"[""Atacar profundidad."",""Mantener 3 líneas."",""Aparecer / no estar."",""No montarse.""]","[""Check para presionar."",""Mantener distancia."",""Defender profundidad."",""Pasos para adelante.""]","[""Ofensivamente estar en estructura 2-4-2 (profundo)."",""Utilizar al AC para generar superioridad numérica y posicional."",""Defensivamente marcar en rombo."",""Saltar a presionar desde el pasillo que corresponde."",""No pasar de largo."",""No marcar al hombre / Marca zonal.""]",,"[""Siempre se inicia desde el arquero."",""No hay limites de toques."",""No existe fuera de juego.""]"
71,2026-07-31 16:06:20.868462+00,2026-07-31 16:50:35.649104+00,https://nqdbqqmjyygopjnpqyvm.supabase.co/storage/v1/object/public/dinamicas/p22_Dinamica_6_vs_6_2C_2A.jpg,,Dinámica 6 vs 6 + 2C + 2A,abierta,Se enfrentan 2 equipos de 6 jugadores + AC + 2 comodines. El equipo en posesión intentará llegar a espacios con balón dominado buscando finalizar las acciones en los arcos. Los comodines se ubican en el centro para generar superioridad numérica.,"[""Atacar profundidad."",""Mantener 3 líneas."",""Aparecer / no estar."",""No montarse."",""Remate al arco.""]","[""Check para presionar."",""Mantener distancia."",""Defender profundidad."",""Pasos para adelante."",""Defender rebote y a su arquero.""]","[""Ofensivamente estar en estructura 2-4-2 (profundo)."",""Utilizar al AC para generar superioridad numérica y posicional."",""Defensivamente marcar en rombo."",""Saltar a presionar desde el pasillo que corresponde."",""No pasar de largo."",""No marcar al hombre / Marca zonal.""]",,"[""Siempre se inicia desde el arquero."",""No hay limites de toques."",""No existe fuera de juego.""]"
72,2026-07-31 16:06:20.868462+00,2026-07-31 16:50:26.822426+00,https://nqdbqqmjyygopjnpqyvm.supabase.co/storage/v1/object/public/dinamicas/p23_Dinamica_7_vs_5_2P_2A.jpg,,Dinámica 7 vs 5 + 2P + 2A,abierta,"El equipo en posesión tendrá una superioridad numérica de 2 jugadores. Posicionarán 2 en la zona central, 1 fuera del área, 2 en amplitud y 2 en profundidad. Intentarán someter al equipo defensor y realizar la mayor cantidad de goles.","[""Encontrar al jugador libre."",""Separarse."",""Continuidad."",""Desmarque corto.""]","[""Compensar."",""Responsabilidad en zonas."",""1 vs 2.""]","[""Ofensivamente saltar pase."",""Esconder el pase."",""Defensivamente estar en estructura 4-1."",""Perfiles defensivos."",""Estar juntos y compactos."",""Pasos para adelante, limpiar el área.""]",,"[""El juego se inicia con el arquero del equipo que ataca."",""No hay fuera de juego.""]"
73,2026-07-31 16:06:20.868462+00,2026-07-31 16:50:15.6482+00,https://nqdbqqmjyygopjnpqyvm.supabase.co/storage/v1/object/public/dinamicas/p24_Dinamica_7_vs_7_C_2AC.jpg,,Dinámica 7 vs 7 + C + 2AC,abierta,Se enfrentan 2 equipos de 7 jugadores + AC + 1 comodín. El equipo en posesión intentará llegar a espacios con balón dominado o con situaciones de desmarques en los portales. El comodín se ubica en el centro para generar superioridad numérica.,"[""Atacar profundidad."",""Mantener 3 líneas."",""Aparecer / no estar."",""No montarse.""]","[""Check para presionar."",""Mantener distancia."",""Defender profundidad."",""Pasos para adelante.""]","[""Ofensivamente estar en estructura 3-1-3 (profundo)."",""Utilizar al AC para generar superioridad numérica y posicional."",""Defensivamente marcar en rombo."",""Saltar a presionar desde el pasillo que corresponde."",""No pasar de largo."",""No marcar al hombre / Marca zonal.""]",,"[""Siempre se inicia desde el arquero."",""No hay limites de toques."",""No existe fuera de juego.""]"
74,2026-07-31 16:07:10.447012+00,2026-07-31 16:50:39.615376+00,https://nqdbqqmjyygopjnpqyvm.supabase.co/storage/v1/object/public/dinamicas/p25_Dinamica_7_vs_7_C_2A.jpg,,Dinámica 7 vs 7 + C + 2A,abierta,Se enfrentan 2 equipos de 7 jugadores + AC + 1 comodín. El equipo en posesión intentará llegar a espacios con balón dominado buscando finalizar las acciones en los arcos. El comodín se ubica en el centro para generar superioridad numérica.,"[""Atacar profundidad."",""Mantener 3 líneas."",""Aparecer / no estar."",""No montarse."",""Remate al arco.""]","[""Check para presionar."",""Mantener distancia."",""Defender profundidad."",""Pasos para adelante."",""Defender rebote y a su arquero.""]","[""Ofensivamente estar en estructura 3-1-3 (profundo)."",""Utilizar al AC para generar superioridad numérica y posicional."",""Defensivamente marcar en rombo."",""Saltar a presionar desde el pasillo que corresponde."",""No pasar de largo."",""No marcar al hombre / Marca zonal.""]",,"[""Siempre se inicia desde el arquero."",""No hay limites de toques."",""No existe fuera de juego.""]"
75,2026-07-31 16:07:10.447012+00,2026-07-31 16:50:46.629326+00,https://nqdbqqmjyygopjnpqyvm.supabase.co/storage/v1/object/public/dinamicas/p26_Dinamica_7_vs_9_P_A_Linea_defensiva_.jpg,,Dinámica 7 vs 9 + P + A (Línea defensiva),abierta,"Defienden 7 jugadores + A vs 9 atacantes que intentarán realizar gol en el arco grande. El equipo que defiende, al recuperar el balón, podrá buscar al jugador en mitad de cancha para luego hacer el gol en un arco pequeño.","[""Mantener 3 líneas."",""Desmarques cortos y atacar profundidad."",""No montarse.""]","[""Coordinación línea defensiva."",""Pasos hacia adelante."",""Defender profundidad."",""Compensar.""]","[""Estar alineados."",""Achicar espacios cuando el balón se juega hacia atrás."",""Estar perfilados en relación al balón, evitar pases por dentro y poder identificar tu marca."",""Defender en L cuando balón va hacia bandas."",""Estar preparados y correr para atrás defendiendo profundidad.""]",,"[""El balón iniciará desde distintas partes elegido por el entrenador."",""No existirá fuera de juego para que la línea siempre corra hacia atrás."",""Agregar una transición con ataque en un arco grande.""]"
76,2026-07-31 16:07:10.447012+00,2026-07-31 16:50:30.836074+00,https://nqdbqqmjyygopjnpqyvm.supabase.co/storage/v1/object/public/dinamicas/p27_Dinamica_8_vs_6_2P_2A_corta_.jpg,,Dinámica 8 vs 6 + 2P + 2A (corta),abierta,Se enfrenta un equipo de 8 jugadores + A vs 6 jugadores + A + 2 profundos. El equipo en superioridad generará ataques intentando finalizar en gol. El equipo que defiende en inferioridad intentará compensar y ajustar. Si logran recuperar podrán jugar con los profundos para hacer gol.,"[""Encontrar el jugador libre."",""Tercer hombre."",""Continuidad."",""Atraer al rival."",""No montarse.""]","[""Compensar."",""Mantener distancia."",""1 v 2."",""Pasos para adelante.""]","[""Ofensivamente Mantener 3 líneas (3-2-3)."",""Saltar pase."",""Utilizar todos los carriles en ataque."",""Defensivamente supervivencia."",""Estar juntos y compactos (Marcar en dos pasillos).""]",,"[""Inicios con el arquero."",""No hay fuera de juego.""]"
77,2026-07-31 16:07:10.447012+00,2026-07-31 16:50:32.656853+00,https://nqdbqqmjyygopjnpqyvm.supabase.co/storage/v1/object/public/dinamicas/p28_Dinamica_8_vs_6_2P_2A_largo_.jpg,,Dinámica 8 vs 6 + 2P + 2A (largo),abierta,Se enfrenta un equipo de 8 jugadores + A vs 6 jugadores + A + 2 profundos. El equipo en superioridad generará ataques intentando finalizar en gol. El equipo en inferioridad intentará compensar y ajustar. Si logran recuperar podrán jugar con los profundos para hacer gol.,"[""Encontrar el jugador libre."",""Tercer hombre."",""Continuidad."",""Atraer al rival."",""No montarse.""]","[""Compensar."",""Mantener distancia."",""1 v 2."",""Pasos para adelante.""]","[""Ofensivamente Mantener 3 líneas (3-2-3)."",""Saltar pase."",""Utilizar todos los carriles en ataque."",""Defensivamente supervivencia."",""Estar juntos y compactos (Marcar en dos pasillos).""]",,"[""Inicios con el arquero."",""No hay fuera de juego."",""Versión corta: 8vs6 + 2P + 2A (corta).""]"
78,2026-07-31 16:07:10.447012+00,2026-07-31 16:50:41.122987+00,https://nqdbqqmjyygopjnpqyvm.supabase.co/storage/v1/object/public/dinamicas/p29_Dinamica_8_vs_8_C_2AC.jpg,,Dinámica 8 vs 8 + C + 2AC,abierta,Se enfrentan 2 equipos de 8 jugadores + Arquero comodín + 1 comodín. El equipo en posesión intentará llegar a espacios con balón dominado o con situaciones de desmarques en los portales. El comodín se ubica en el centro para generar superioridad numérica.,"[""Atacar profundidad."",""Mantener 3 líneas."",""Aparecer / no estar."",""No montarse.""]","[""Check para presionar."",""Mantener distancia."",""Defender profundidad."",""Pasos para adelante.""]","[""Ofensivamente estar en estructura 3-2-3 (profundo)."",""Utilizar al AC para generar superioridad numérica y posicional."",""Defensivamente marcar en rombo."",""Saltar a presionar desde el pasillo que corresponde."",""No pasar de largo."",""No marcar al hombre / Marca zonal.""]",,"[""Siempre se inicia desde el arquero."",""No hay limites de toques."",""No existe fuera de juego.""]"
79,2026-07-31 16:07:10.447012+00,2026-07-31 16:50:15.068065+00,https://nqdbqqmjyygopjnpqyvm.supabase.co/storage/v1/object/public/dinamicas/p30_Dinamica_8_vs_8_C_2A.jpg,,Dinámica 8 vs 8 + C + 2A,abierta,Se enfrentan 2 equipos de 8 jugadores + Arquero comodín + 1 comodín. El equipo en posesión intentará llegar a espacios con balón dominado buscando finalizar acciones en los arcos. El comodín se ubica en el centro para generar superioridad numérica.,"[""Atacar profundidad."",""Mantener 3 líneas."",""Aparecer / no estar."",""No montarse."",""Remate al arco.""]","[""Check para presionar."",""Mantener distancia."",""Defender profundidad."",""Pasos para adelante."",""Defender rebote y a su arquero.""]","[""Ofensivamente estar en estructura 3-2-3 (profundo)."",""Utilizar al AC para generar superioridad numérica y posicional."",""Defensivamente marcar en rombo."",""Saltar a presionar desde el pasillo que corresponde."",""No pasar de largo."",""No marcar al hombre / Marca zonal.""]",,"[""Siempre se inicia desde el arquero."",""No hay limites de toques."",""No existe fuera de juego.""]"
80,2026-07-31 16:07:10.447012+00,2026-07-31 16:50:40.633279+00,https://nqdbqqmjyygopjnpqyvm.supabase.co/storage/v1/object/public/dinamicas/p31_Dinamica_9_vs_8_2A.jpg,,Dinámica 9 vs 8 + 2A,abierta,"El equipo de 9 jugadores intentará salir jugando en superioridad numérica para llegar al gol. El equipo de 8 jugadores, en inferioridad, tiene que presionar y estar en distancia para compensar el jugador de menos con el rombo defensivo. Al recuperar podrán atacar el arco inmediatamente.","[""Mirar lejos."",""Entrar en conducción."",""Encontrar al hombre libre."",""Tercer hombre."",""Atraer al rival.""]","[""Check para presionar."",""Mantener distancia."",""Defender profundidad."",""Pasos para adelante.""]","[""Ofensivamente estar en estructura 4-2-3."",""Defensivamente estar en estructura 3-2-3."",""Defensivamente marcar en rombo."",""Saltar a presionar desde el pasillo que corresponde."",""Defender en zona y no al hombre.""]",,"[""Inicia el equipo en superioridad numérica.""]"
81,2026-07-31 16:07:10.447012+00,2026-07-31 16:50:13.264164+00,https://nqdbqqmjyygopjnpqyvm.supabase.co/storage/v1/object/public/dinamicas/p32_Dinamica_10_vs_8_2P_2A.jpg,,Dinámica 10 vs 8 + 2P + 2A,abierta,Se enfrenta un equipo de 10 jugadores + A vs 8 jugadores + A + 2 profundos. El equipo en superioridad generará ataques intentando finalizar en gol. El equipo en inferioridad intentará compensar. Si logran recuperar podrán jugar con los profundos para hacer gol.,"[""Encontrar el jugador libre."",""Tercer hombre."",""Continuidad."",""Atraer al rival."",""No montarse.""]","[""Compensar."",""Mantener distancia."",""1 v 2."",""Pasos para adelante.""]","[""Ofensivamente Mantener 3 líneas (4-3-3)."",""Saltar pase."",""Utilizar todos los carriles en ataque."",""Defensivamente supervivencia."",""Estar juntos y compactos (Marcar en dos pasillos).""]",,"[""Inicios con el arquero."",""No hay fuera de juego.""]"
82,2026-07-31 16:07:10.447012+00,2026-07-31 16:50:43.25948+00,https://nqdbqqmjyygopjnpqyvm.supabase.co/storage/v1/object/public/dinamicas/p33_Dinamica_10_vs_9_2A.jpg,,Dinámica 10 vs 9 + 2A,abierta,"El equipo de 10 jugadores intentará progresar en superioridad para llegar al gol. El equipo de 9 jugadores, en inferioridad, tiene que defender y estar en distancia para compensar el jugador de menos. Al recuperar podrán atacar la portería inmediatamente.","[""Mirar lejos."",""Entrar en conducción."",""Encontrar al hombre libre."",""Tercer hombre."",""Atraer al rival.""]","[""Check para presionar."",""Mantener distancia."",""Defender profundidad."",""Pasos para adelante.""]","[""Ofensivamente estar en estructura 4-3-3 / 4-2-4."",""Defensivamente estar en estructura 4-4-1."",""Defensivamente marcar en rombo."",""Saltar a presionar desde el pasillo que corresponde."",""Llevar balón al pasillo libre.""]",,"[""Inicia el equipo en superioridad numérica.""]"
83,2026-07-31 16:07:10.447012+00,2026-07-31 16:50:18.430538+00,https://nqdbqqmjyygopjnpqyvm.supabase.co/storage/v1/object/public/dinamicas/p34_Dinamica_10_vs_10_CENTRAL.jpg,,Dinámica 10 vs 10 CENTRAL,abierta,El equipo de 10 jugadores intentará progresar y finalizar la jugada en los arcos pequeños. Equipo que defiende debe priorizar tapar o cerrar líneas de pase. El juego en espacios reducidos hace que encontrar al jugador y espacio libre sea determinante para progresar.,"[""Mirar lejos."",""Encontrar al hombre libre."",""Tercer hombre."",""Atraer al rival."",""Separarse / No montarse.""]","[""Check para presionar."",""Mantener distancias al defender."",""Defender profundidad."",""Compensar.""]","[""Ofensivamente estar en amplitud, utilizando todos los pasillos."",""Buscar el pasillo libre."",""Generar conexiones dentro-afuera."",""Defensivamente marcar en rombo."",""Saltar a presionar desde el pasillo que corresponde."",""Defender profundidad.""]",,"[""Tapar o cerrar líneas de pase.""]"
84,2026-07-31 16:08:12.968533+00,2026-07-31 16:51:43.603008+00,https://nqdbqqmjyygopjnpqyvm.supabase.co/storage/v1/object/public/dinamicas/p35_Dinamica_10_vs_10_CENTRAL_2_.jpg,,Dinámica 10 vs 10 CENTRAL (portales),abierta,El equipo de 10 jugadores intentará progresar y finalizar la jugada pasando por los portales. Equipo que defiende debe priorizar defender profundidad y rupturas rivales. El juego en espacios reducidos hace que encontrar al jugador y espacio libre sea determinante.,"[""Mirar lejos."",""Encontrar al hombre libre."",""Tercer hombre."",""Atraer al rival."",""Separarse / No montarse.""]","[""Check para presionar."",""Mantener distancias al defender."",""Defender profundidad."",""Compensar.""]","[""Ofensivamente estar en amplitud, utilizando todos los pasillos."",""Buscar el pasillo libre."",""Generar conexiones dentro-afuera."",""Defensivamente marcar en rombo."",""Saltar a presionar desde el pasillo que corresponde."",""Defender profundidad.""]",,"[""Defender profundidad.""]"
85,2026-07-31 16:08:12.968533+00,2026-07-31 16:51:43.603008+00,https://nqdbqqmjyygopjnpqyvm.supabase.co/storage/v1/object/public/dinamicas/p36_Dinamica_10_vs_10_CENTRAL_3_.jpg,,Dinámica 10 vs 10 CENTRAL (arcos grandes),abierta,El equipo de 10 jugadores intentará progresar y finalizar la jugada en los arcos grandes. Equipo que defiende debe priorizar defender profundidad y rupturas rivales y posteriormente evitar que el rival finalice en el arco grande.,"[""Mirar lejos."",""Encontrar al hombre libre."",""Tercer hombre."",""Atraer al rival."",""Separarse / No montarse.""]","[""Check para presionar."",""Mantener distancias al defender."",""Defender profundidad."",""Compensar.""]","[""Ofensivamente estar en amplitud, utilizando todos los pasillos."",""Buscar el pasillo libre."",""Generar conexiones dentro-afuera."",""Defensivamente marcar en rombo."",""Saltar a presionar desde el pasillo que corresponde."",""Defender profundidad.""]",,"[""Defender profundidad y finalizar la jugada.""]"
86,2026-07-31 16:08:12.968533+00,2026-07-31 16:50:31.379608+00,https://nqdbqqmjyygopjnpqyvm.supabase.co/storage/v1/object/public/dinamicas/p37_Dinamica_Entrada_centrales.jpg,,Dinámica Entrada centrales,abierta,"Dinámica diseñada para los defensas centrales quienes se ubican en lo amplio de la estructura. Se posicionan 2 líneas de defensores centrales más un volante para que los centrales entren a jugar en conducción por el portal cuando no tengan rival, para asociarse con el central de la otra línea ante la presión rival.","[""Mirar lejos."",""Continuidad."",""Estar en línea de pase."",""Pase al pie correcto."",""Check antes de recibir.""]","[""1 vs 2 (marcar 2)."",""Presión posperdida.""]","[""Atraer al rival."",""Entrar en conducción."",""Estar perfilado para recibir.""]",,"[""No hay límites de toques."",""Solo pondera las veces que entren en conducción por los portales.""]"
87,2026-07-31 16:08:12.968533+00,2026-07-31 16:50:34.971194+00,https://nqdbqqmjyygopjnpqyvm.supabase.co/storage/v1/object/public/dinamicas/p38_Dinamica_Reducido_Profundo.jpg,,Dinámica Reducido Profundo,abierta,Se enfrentan 2 equipos de 6 o 7 jugadores + 1 Comodín + Arquero. El equipo en posesión intentará llegar a espacios con desmarques y rupturas hacia las áreas para finalizar en las porterías. El comodín se ubica en el centro para generar superioridad numérica.,"[""Atacar profundidad."",""Mantener 3 líneas."",""Aparecer / no estar."",""No montarse.""]","[""Check para presionar."",""Mantener distancia."",""Defender profundidad."",""Pasos para adelante.""]","[""Ofensivamente estar en estructura 3+C+3 (profundo)."",""Utilizar al comodín para generar superioridad numérica y posicional."",""Defensivamente marcar en rombo."",""Saltar a presionar desde el pasillo que corresponde."",""Generar desmarques y rupturas al área."",""No marcar al hombre / Marca zonal.""]",,"[""Siempre se inicia desde el arquero."",""No hay limites de toques.""]"
88,2026-07-31 16:08:12.968533+00,2026-07-31 16:50:28.556684+00,https://nqdbqqmjyygopjnpqyvm.supabase.co/storage/v1/object/public/dinamicas/p39_Dinamica_Pasillo_Central_6_vs_5.jpg,,Dinámica Pasillo Central 6 vs 5,abierta,"En una estructura de 3 zonas + 2 áreas, un equipo intentará progresar hasta llegar al arco contrario llevando el balón de una zona a otra. El equipo que inicia defendiendo, al recuperar el balón, podrá atacar inmediatamente el arco rival.","[""Mirar lejos."",""Mantener 3 líneas."",""Tercer hombre."",""Entrar en conducción."",""Conectar continuamente entre jugadores de primera, segunda y tercera línea.""]","[""Mantener distancia."",""Check para presionar."",""Presión posperdida.""]","[""Conectar continuamente entre líneas para poder progresar."",""Generar línea de pase."",""Desmarcar en el momento correcto.""]",,"[""El balón inicia con el arquero."",""Los jugadores inician desde sus zonas pero con el juego pueden ocupar otros espacios.""]"
89,2026-07-31 16:08:12.968533+00,2026-07-31 16:50:30.207694+00,https://nqdbqqmjyygopjnpqyvm.supabase.co/storage/v1/object/public/dinamicas/p40_Dinamica_Pasillo_Central_6_vs_5_extremos.jpg,,Dinámica Pasillo Central 6 vs 5 extremos,abierta,"En una estructura de 3 zonas + 2 áreas, un equipo intentará progresar hasta llegar al arco contrario. El equipo que inicia defendiendo, al recuperar el balón, podrá atacar inmediatamente transicionando con sus extremos ubicados en mayor amplitud.","[""Mirar lejos."",""Mantener 3 líneas."",""Tercer hombre."",""Entrar en conducción."",""Conectar continuamente entre jugadores de primera, segunda y tercera línea.""]","[""Mantener distancia."",""Check para presionar."",""Presión posperdida.""]","[""Conectar continuamente entre líneas para poder progresar."",""Generar línea de pase."",""Desmarcar en el momento correcto.""]",,"[""El balón inicia con el arquero."",""Los jugadores inician desde sus zonas pero pueden ocupar otros espacios.""]"
90,2026-07-31 16:08:12.968533+00,2026-07-31 16:50:45.695938+00,https://nqdbqqmjyygopjnpqyvm.supabase.co/storage/v1/object/public/dinamicas/p41_Dinamica_LUIS_ENRIQUE.jpg,,Dinámica LUIS ENRIQUE,abierta,"El equipo de 10 jugadores intentará salir jugando en superioridad numérica para llegar al gol. El equipo de 9 jugadores, en inferioridad, debe defender posicionado y reagrupado en su mitad, manteniendo distancias para defender y reducir espacios. Al recuperar podrán atacar los arcos pequeños inmediatamente.","[""Mantener 3 líneas."",""No montarse."",""Saltar pase."",""Continuidad."",""Desmarques cortos y atacar profundidad.""]","[""Coordinación línea defensiva."",""Mantener distancia."",""Defender profundidad."",""Pasos hacia adelante."",""Compensar.""]","[""Ofensivamente estar en amplitud, utilizando todos los pasillos."",""Defensivamente estar en estructura 4-4-1 and marcar en rombo."",""Saltar a presionar desde el pasillo que corresponde."",""Utilizar superioridad.""]",,"[""Inicia el equipo en superioridad numérica, siempre desde su portero."",""No hay limites de toques."",""Existe fuera de juego."",""Se puede reducir a 9 vs 8.""]"
91,2026-07-31 16:08:12.968533+00,2026-07-31 16:50:12.668341+00,https://nqdbqqmjyygopjnpqyvm.supabase.co/storage/v1/object/public/dinamicas/p42_Linea_Defensiva_Dinamica.jpg,,Línea Defensiva Dinámica,abierta,El trabajo está dividido por dos zonas. En cada zona se realiza un 6 vs 5 + A. El equipo que ataca intentará terminar en gol mientras que el equipo defensor debe evitar el gol. Ante la pérdida de balón el equipo que ataca debe realizar una presión pospérdida.,"[""Encarar 1 vs 1."",""Encontrar hombre libre."",""Separarse."",""Atacar profundidad.""]","[""Coordinación línea defensiva."",""Pasos hacia adelante / Achicar."",""Defender profundidad."",""Compensar.""]","[""Estar alineados."",""Achicar espacios cuando el balón se juega hacia atrás."",""Estar perfilados en relación al balón para evitar pases por dentro."",""Defender en L cuando balón va hacia bandas / Defender carriles."",""Estar preparados y correr para atrás defendiendo profundidad.""]",,"[""Utilizar 1-2 delanteros en posición fuera de juego."",""Agregar un volante más para defender y uno para atacar.""]"
92,2026-07-31 16:08:12.968533+00,2026-07-31 16:50:34.452975+00,https://nqdbqqmjyygopjnpqyvm.supabase.co/storage/v1/object/public/dinamicas/p43_Dinamica_Progresion_defensiva.jpg,,Dinámica Progresión defensiva,abierta,"Se enfrentan 2 equipos, el que defiende lo realiza en inferioridad de -1 jugador. El equipo deberá atacar la profundidad rival buscando finalizar la jugada. El equipo que defiende deberá salir reduciendo espacios rápidamente, buscar defender lejos de su arco y retroceder perfilado rompiendo en la zona establecida.","[""Atacar profundidad."",""Finalizar la jugada.""]","[""Saber retroceder."",""Mantener distancia."",""Defender profundidad.""]","[""Reducir espacios."",""Retardar y retroceder."",""Romper en zona."",""Defender perfilado."",""Aprovechar superioridad (equipo atacante).""]",,"[""Siempre se inicia desde el arquero con balón largo hacia mitad de cancha."",""Evolución del trabajo: 2vs1, 3vs2, 4vs3, 5vs4 y terminar 6vs5."",""Incluir arcos para que equipo atacante finalice en su retroceso a la zona inicial.""]"
93,2026-07-31 16:08:12.968533+00,2026-07-31 16:50:20.029545+00,https://nqdbqqmjyygopjnpqyvm.supabase.co/storage/v1/object/public/dinamicas/p44_Dinamica_Trayectoria.jpg,,Dinámica Trayectoria,abierta,"Dinámica diseñada para defender el balón largo y capturar el 2do balón. Se posiciona una línea defensiva más un volante central y un centro delantero para generar 3 líneas. El equipo defensor retrocede con la trayectoria del balón, mantiene distancias para capturar el 2do balón y busca finalizar utilizando sus jugadores profundos.","[""Encontrar al jugador libre."",""Separarse."",""Continuidad."",""Jugar con los profundos.""]","[""Compensar."",""Responsabilidad en zonas."",""Cobertura al duelo aéreo (1-3).""]","[""Ofensivamente dar pasos hacia adelante."",""Saltar pase."",""Utilizar a los profundos."",""Defensivamente mantener distancias."",""Defensivamente ganar el 1er y 2do balón.""]",,"[""Inicios en largo con el arquero."",""Retroceder con la trayectoria del balón.""]"
94,2026-07-31 16:08:52.955379+00,2026-07-31 16:50:18.965284+00,https://nqdbqqmjyygopjnpqyvm.supabase.co/storage/v1/object/public/dinamicas/p45_Dinamica_Ancelotti.jpg,,Dinámica Ancelotti,abierta,"En una superficie participan 2 equipos, 9 vs 9 posicionados de igual manera. El equipo con posesión debe buscar gol mediante sus 2 jugadores profundos o juntar 8 pases, provocando que el equipo defensor presione y reduzca dejando espacio a su espalda.","[""Mirar lejos."",""Continuidad."",""Tercer hombre."",""Estar en línea de pase."",""Pase al pie correcto.""]","[""Check para presionar."",""Presión posperdida.""]","[""Saltar pase si es posible."",""No montarse."",""Estar perfilado para recibir.""]",,"[""No hay límites de toques."",""Después de dar 8 pases se contabiliza un gol."",""Después de 3 balones interceptados realizar cambio de rol.""]"
95,2026-07-31 16:08:52.955379+00,2026-07-31 16:50:39.109281+00,https://nqdbqqmjyygopjnpqyvm.supabase.co/storage/v1/object/public/dinamicas/p46_Dinamica_Transiciones_largas.jpg,,Dinámica Transiciones largas,abierta,"Se enfrentan 2 equipos, el que defiende en inferioridad de -1 jugador. Un equipo inicia buscando atacar la profundidad rival generando un 3vs2. El equipo que defiende sale reduciendo espacios rápidamente. Una vez finaliza la acción, el equipo que defendía pasa a atacar sumando 2 jugadores, generando un 4vs3.","[""Atacar profundidad."",""Finalizar la jugada.""]","[""Saber retroceder."",""Mantener distancia."",""Defender profundidad.""]","[""Reducir espacios."",""Retardar y retroceder."",""Romper en zona."",""Defender perfilado."",""Aprovechar superioridad (equipo atacante).""]",,"[""No hay límites de toques."",""Evolución del trabajo 3vs2 para luego 4vs3.""]"
96,2026-07-31 16:08:52.955379+00,2026-07-31 16:50:19.504748+00,https://nqdbqqmjyygopjnpqyvm.supabase.co/storage/v1/object/public/dinamicas/p48_Dinamica_Linea_defensiva.jpg,,Dinámica Línea defensiva,partido,"Se utiliza 1 arquero + la línea defensiva (incluyendo un volante). El equipo que ataca moverá el balón para que el equipo que defiende realice distintos comportamientos coordinados: Defender en L, Carril + marca, Repliegues, achiques, basculaciones, ajustes defensivos.","[""Atacar profundidad.""]","[""Coordinación línea defensiva."",""Pasos hacia adelante."",""Defender profundidad."",""Compensar.""]","[""Estar alineados."",""Achicar espacios cuando el balón se juega hacia atrás."",""Estar perfilados en relación al balón, evitar pases por dentro y poder identificar tu marca."",""Defender en L cuando balón va hacia bandas."",""Estar preparados y correr para atrás defendiendo profundidad.""]",,"[""Iniciar con balón desde distintas zonas y situaciones."",""Utilizar 1-2 delanteros en posición fuera de juego."",""Incluir una oposición más real con situaciones que la línea defensiva tenga que ir resolviendo.""]"
97,2026-07-31 16:08:52.955379+00,2026-07-31 16:50:32.141192+00,https://nqdbqqmjyygopjnpqyvm.supabase.co/storage/v1/object/public/dinamicas/p49_Dinamica_Salidas_cortas_6_vs_5_A.jpg,,Dinámica Salidas cortas 6 vs 5 + A,partido,"Un equipo comenzará haciendo salidas con el Arquero, 2 centrales, 2 laterales y 2 volantes vs 5 jugadores presionando. El equipo en salida intentará llegar a los espacios determinados o pasar por los arcos pequeños para finalizar acción. Si el equipo que defiende recupera, podrán atacar la portería grande inmediatamente.","[""Mirar lejos."",""Entrar en conducción."",""Encontrar al hombre libre."",""Tercer hombre."",""Atraer al rival.""]","[""Check para presionar."",""Ser protagonista."",""Mantener distancias.""]","[""Realizar cuadrados en salida."",""Encontrar espacios a la espalda del rival."",""Jugar al lado contrario.""]",,"[""Se inicia con el arquero o central según disposición del rival."",""Cambiar la forma de presionar de los que defienden."",""Variantes: Salida corta 6 vs 5 + Transiciones y Salida corta 6 vs 5 + Transiciones + Achique.""]"
98,2026-07-31 16:08:52.955379+00,2026-07-31 16:50:33.245164+00,https://nqdbqqmjyygopjnpqyvm.supabase.co/storage/v1/object/public/dinamicas/p50_Dinamica_Salidas_cortas_6_vs_5_A_Transicion.jpg,,Dinámica Salidas cortas 6 vs 5 + A + Transición,partido,"Igual que la salida corta 6 vs 5, pero las acciones se reinician con 3 jugadores más del equipo que defendía, generando un 8vs6 y una transición al momento de defender o atacar el arco.","[""Mirar lejos."",""Entrar en conducción."",""Encontrar al hombre libre."",""Tercer hombre."",""Atraer al rival.""]","[""Check para presionar."",""Ser protagonista."",""Mantener distancias.""]","[""Realizar cuadrados en salida."",""Encontrar espacios a la espalda del rival."",""Jugar al lado contrario.""]",,"[""Se inicia con el arquero o central según disposición del rival."",""Se reinicia con equipo desde arcos pequeños con el que defendía inicialmente."",""Cambiar la forma de presionar de los que defienden.""]"
99,2026-07-31 16:08:52.955379+00,2026-07-31 16:50:44.524093+00,https://nqdbqqmjyygopjnpqyvm.supabase.co/storage/v1/object/public/dinamicas/p51_Dinamica_Salidas_cortas_7_vs_6_A.jpg,,Dinámica Salidas cortas 7 vs 6 + A,partido,"Un equipo comenzará haciendo salidas con el Arquero, 3 centrales, 2 laterales-volantes y 2 volantes centrales vs 6 jugadores presionando. El equipo en salida intentará llegar a los espacios determinados o pasar por las mini porterías. Si el equipo que defiende recupera, podrán atacar la portería grande inmediatamente.","[""Mirar lejos."",""Entrar en conducción."",""Encontrar al hombre libre."",""Tercer hombre."",""Atraer al rival.""]","[""Check para presionar."",""Ser protagonista."",""Mantener distancias.""]","[""Realizar cuadrados en salida."",""Encontrar espacios a la espalda del rival."",""Jugar al lado contrario.""]",,"[""Se inicia con el arquero o central según disposición del rival."",""Cambiar la forma de presionar de los que defienden.""]"
100,2026-07-31 16:08:52.955379+00,2026-07-31 16:50:17.89057+00,https://nqdbqqmjyygopjnpqyvm.supabase.co/storage/v1/object/public/dinamicas/p52_Dinamica_Salidas_largas_11_vs_11.jpg,,Dinámica Salidas largas 11 vs 11,partido,Un equipo comenzará realizando salidas mientras el otro equipo estará listo para presionar y recuperar. El equipo en salida debe contar la cantidad de jugadores en la última línea para decidir qué salida hacer en función del posicionamiento del rival y los espacios disponibles.,"[""Mirar tercera línea."",""Entrar en conducción."",""Encontrar al hombre libre."",""Tercer hombre."",""Atraer al rival.""]","[""Check para presionar."",""Ser protagonista."",""Mantener distancias.""]","[""Contar jugadores de última línea para saber qué salida realizar."",""Realizar cuadrados en salida."",""Encontrar espacios a la espalda del rival."",""Atacar profundo si hay espacio.""]",,"[""Se inicia con el arquero o central según disposición del rival."",""Cambiar la forma de presionar de los que defienden.""]"
